source,title,summary,link,published,cluster,people,organizations,locations
BBC Main,US strikes Iran after attack on cargo ship,Iran accuses the US of violating their deal and says it struck targets linked to American forces in response.,https://www.bbc.co.uk/news/articles/ckg590wqxwpo?at_medium=RSS&at_campaign=rss,"Sat, 27 Jun 2026 08:25:43 GMT",21,,,"Iran, US"
BBC Main,Mahmood announces new refugee sponsorship route into UK,"The home secretary says ""capped safe and legal"" routes would help to restore confidence in the asylum system.",https://www.bbc.co.uk/news/articles/c5yz952dm74o?at_medium=RSS&at_campaign=rss,"Sat, 27 Jun 2026 08:56:49 GMT",3,"##hmood, Ma",,UK
BBC Main,Are we in for a summer of serial heatwaves?,"Forecasters have suggested that summer is likely to be warmer than average with an increased chance of more heatwaves, as Simon King explains.",https://www.bbc.co.uk/weather/articles/cgrk4w57e74o?at_medium=RSS&at_campaign=rss,"Sat, 27 Jun 2026 03:16:46 GMT",5,Simon King,,
BBC Main,Meloni and Trump: A very public fall-out that is proving very hard to fix,"Italy's PM was not long ago being called the ""Trump whisperer"", but their relationship has gone from public attacks to personal insults.",https://www.bbc.co.uk/news/articles/cze962pgk27o?at_medium=RSS&at_campaign=rss,"Fri, 26 Jun 2026 23:01:50 GMT",6,"Meloni, Trump",,Italy
BBC Main,Three unusual things about the King's tax bill,King Charles paid £12.9m in tax for 2024-2025 - here's what we know about his unique tax situation.,https://www.bbc.co.uk/news/articles/ce8kg7zg09ko?at_medium=RSS&at_campaign=rss,"Fri, 26 Jun 2026 23:00:30 GMT",10,Charles,,
BBC Main,Madonna was 'jealous of Kylie' - and more things we learned in her Graham Norton interview,"All the revelations from Madonna's chat with Graham Norton, including a big hint about Glastonbury.",https://www.bbc.co.uk/news/articles/cn07rpn0rkxo?at_medium=RSS&at_campaign=rss,"Sat, 27 Jun 2026 01:41:28 GMT",2,"Graham Norton, Kylie, Madonna",##lastonbury,G
BBC Main,How Cape Verde stunned World Cup to set up Argentina tie,"How has a group of islands with just 525,000 inhabitants made it to the knockout rounds of the World Cup?",https://www.bbc.co.uk/sport/football/articles/c0mypzl7v2xo?at_medium=RSS&at_campaign=rss,"Sat, 27 Jun 2026 03:41:58 GMT",26,,,"Argentina, Cape Verde"
BBC Main,How completing the World Cup sticker book is like having a second job,"From car park meet ups to Facebook groups, how families try to complete the set on a budget.",https://www.bbc.co.uk/news/articles/c3eyv0v28gwo?at_medium=RSS&at_campaign=rss,"Sat, 27 Jun 2026 00:27:54 GMT",26,,,
BBC Main,"Do Kane, Saka, or Pickford have roots near you? Try our postcode lookup",Which World Cup stars have roots near you? Find out with our interactive lookup tool,https://www.bbc.co.uk/news/articles/cn75y330kpjo?at_medium=RSS&at_campaign=rss,"Fri, 26 Jun 2026 11:08:50 GMT",22,"##ka, Kane, Pickford, Sa",,
BBC Main,UK search team join the rescue effort,The 68-strong team left Brize Norton airbase on Friday onboard an RAF plane carrying aid supplies.,https://www.bbc.co.uk/news/articles/cr7xlr2ndxno?at_medium=RSS&at_campaign=rss,"Fri, 26 Jun 2026 20:50:33 GMT",3,,RAF,"##rize Norton, B, UK"
BBC Main,What we know so far,"More than 900 people have been killed in the quakes and at least 3,360 others injured, according to officials.",https://www.bbc.co.uk/news/articles/c4gyjgreg1ro?at_medium=RSS&at_campaign=rss,"Fri, 26 Jun 2026 18:09:56 GMT",0,,,
BBC Main,Watch: Moment woman pulled from rubble alive,First responders and volunteers pulled a survivor from under the rubble of a collapsed building in La Guaira.,https://www.bbc.co.uk/news/videos/clyxgxr2672o?at_medium=RSS&at_campaign=rss,"Fri, 26 Jun 2026 10:06:11 GMT",0,,,La Guaira
BBC Main,"See it, say it, not sorted. I was let down when I reported my train sexual assault","After reporting an incident on a train, Esme Rice waited 13 hours for a response from the British Transport Police.",https://www.bbc.co.uk/news/articles/c5yzr58xy0ro?at_medium=RSS&at_campaign=rss,"Sat, 27 Jun 2026 01:33:36 GMT",2,"##e Rice, ##sm, E",British Transport Police,
BBC Main,"Two years ago, she was delivering parcels - now KWN is an R&B star","The R&amp;B singer broke out with the single Worst Behaviour, which she sold on a custom-built website.",https://www.bbc.co.uk/news/articles/cg74d834lzpo?at_medium=RSS&at_campaign=rss,"Fri, 26 Jun 2026 23:04:36 GMT",2,K,R,
BBC Main,"They quit the West for Russia's traditional values, it wasn't what they expected",The BBC asks Westerners who moved to Russia if life there lives up to expectations.,https://www.bbc.co.uk/news/articles/cn075j04pnyo?at_medium=RSS&at_campaign=rss,"Fri, 26 Jun 2026 23:02:05 GMT",10,,BBC,"Russia, West"
BBC Main,Going to a festival as a neurodivergent person can be tough - but there are ways to recharge,"Some festivals are rolling out calm spaces and noise-cancelling headphones, but there are calls to go further.",https://www.bbc.co.uk/news/articles/cgl3ew1j64go?at_medium=RSS&at_campaign=rss,"Fri, 26 Jun 2026 23:03:16 GMT",19,,,
BBC Main,Why GTA 6 will launch without a disc and what it means for gamers,Music and films are now largely digital-only - does the lack of a disc for GTA 6 mean gaming is going the same way?,https://www.bbc.co.uk/news/articles/c6210nj8gpro?at_medium=RSS&at_campaign=rss,"Fri, 26 Jun 2026 23:03:04 GMT",12,,,
BBC Main,Harry and Meghan accept offer to stay at royal estate during UK visit,"The royal residence the pair will use has not been made public, but they will also be staying in private accommodation during the trip.",https://www.bbc.co.uk/news/articles/cdjk8gggnndo?at_medium=RSS&at_campaign=rss,"Sat, 27 Jun 2026 01:27:34 GMT",10,"##han, Harry, Meg",,UK
BBC Main,Could you handle a 20-plus hour flight? This airline is banking on it,Some analysts say the first non-stop London to Sydney flight is a major milestone - but would you buy a ticket?,https://www.bbc.co.uk/news/articles/cx2j7v51l5ko?at_medium=RSS&at_campaign=rss,"Fri, 26 Jun 2026 23:02:15 GMT",25,,,"London, Sydney"
BBC Main,'Burnham election call' and 'Too hot for tennis',Andy Burnham and the record-breaking heatwave across the UK and Europe is prominent across Saturday's papers.,https://www.bbc.co.uk/news/articles/c3ey093d039o?at_medium=RSS&at_campaign=rss,"Sat, 27 Jun 2026 04:10:19 GMT",5,"Andy Burnham, Burn",,"Europe, UK"
BBC Main,A smartphone ban in English schools is coming into force. What's changing?,Schools must now follow government guidance that says schools should be phone-free for the entire day.,https://www.bbc.co.uk/news/articles/cy8wjv3x81qo?at_medium=RSS&at_campaign=rss,"Sat, 27 Jun 2026 00:52:45 GMT",13,,,
BBC Main,How messages between two dads helped expose the largest NHS maternity scandal,"Among the hundreds of affected families in Nottingham, two sets of parents led the fight to get answers.",https://www.bbc.co.uk/news/articles/cd7pqqzznevo?at_medium=RSS&at_campaign=rss,"Sat, 27 Jun 2026 00:03:47 GMT",2,,NHS,Nottingham
BBC Main,"Conservatives offer tax incentive as part of 50,000 reservist pledge","Labour accused the Conservatives of trying to ""rewrite history"" after making defence cuts while in power.",https://www.bbc.co.uk/news/articles/c9v219gx79wo?at_medium=RSS&at_campaign=rss,"Fri, 26 Jun 2026 21:00:56 GMT",10,,Labour,
BBC Main,Unwanted items from Alan Carr's castle head to auction,"The sale includes dozens of items from a ""concrete menagerie"" of animals, figures and rural scenes.",https://www.bbc.co.uk/news/articles/cjwg7zyl92no?at_medium=RSS&at_campaign=rss,"Sat, 27 Jun 2026 08:14:55 GMT",8,Alan Carr,,
BBC Main,We host strangers for dinner every month - now we have 60 new friends,"After 2 years in Belfast, Nidhi Pal and Vik Parashar found a creative way to make new friends - a monthly dinner party with strangers.",https://www.bbc.co.uk/news/articles/cvg48wnx7eyo?at_medium=RSS&at_campaign=rss,"Mon, 22 Jun 2026 05:44:13 GMT",19,"##dhi Pal, ##ik Parasha, Ni, V",,Belfast
BBC Main,I'm 98 but I still do my 40 press-ups every day,"Bill Kober, who lives in Woodbridge, is proving that age is just a number... one press-up at a time.",https://www.bbc.co.uk/news/articles/c5yzlx7zpk2o?at_medium=RSS&at_campaign=rss,"Sat, 27 Jun 2026 08:09:14 GMT",24,Bill Kober,,Woodbridge
BBC Main,Banned swimmer's daughters to realise family's Commonwealth Games dream,Annette Cowley was not allowed to compete at the 1986 Games as she was caught in a political storm.,https://www.bbc.co.uk/news/articles/cj0gzpm57pro?at_medium=RSS&at_campaign=rss,"Wed, 24 Jun 2026 21:49:48 GMT",2,Annette Cowley,,
BBC Main,Rescued sewage work eggs hatch into five ducklings,The eggs were spotted in a nest at risk of toppling over on the surface at a sewage treatment works.,https://www.bbc.co.uk/news/articles/c78y4dpdpzvo?at_medium=RSS&at_campaign=rss,"Tue, 23 Jun 2026 15:13:30 GMT",8,,,
BBC Main,Weekend to bring cooldown after record-breaking heatwave,"The record-breaking heatwave is set to end with cooler and more unsettled weather by 
Sunday.",https://www.bbc.co.uk/weather/articles/crkvl343jj3o?at_medium=RSS&at_campaign=rss,"Sat, 27 Jun 2026 00:21:33 GMT",5,,,
BBC Main,Hottest June day record broken for third day in row as temperature hits 37.3C,Suffolk saw the highest temperature on Friday - but many will feel the heatwave begin to ease over the weekend.,https://www.bbc.co.uk/news/articles/cn4d0n1l8zno?at_medium=RSS&at_campaign=rss,"Sat, 27 Jun 2026 05:38:24 GMT",5,,,Suffolk
BBC Main,Watch: Lightning strikes seen across UK,Lightning strikes lit up the sky across the UK during the early hours of Friday as thunderstorms were triggered by the intense heat.,https://www.bbc.co.uk/news/videos/c74y1l9kkryo?at_medium=RSS&at_campaign=rss,"Fri, 26 Jun 2026 19:26:58 GMT",5,,,UK
BBC Main,BBC News app,"Top stories, breaking news, live reporting, and follow news topics that match your interests",https://www.bbc.co.uk/news/10628994?at_medium=RSS&at_campaign=rss,"Wed, 30 Apr 2025 14:04:28 GMT",29,,BBC News,
BBC Main,Boiling point: The week of extreme heat,Danger to life warnings and record heat: how the UK and Europe struggled to cope.,https://www.bbc.co.uk/iplayer/episode/m002ypkf?at_medium=RSS&at_campaign=rss,"Fri, 26 Jun 2026 16:00:00 GMT",5,,,"Europe, UK"
BBC Main,The King (sort of) reveals his finances,"King Charles has become the first monarch to reveal their tax bill, paying £12.9m.",https://www.bbc.co.uk/sounds/play/p0ntfdw5?at_medium=RSS&at_campaign=rss,"Fri, 26 Jun 2026 15:07:00 GMT",10,Charles,,
BBC Main,"Gripping, star-studded environmental thriller",Past ties drag corporate lawyer Rob into conflict with a company he usually assists.,https://www.bbc.co.uk/iplayer/episode/m001j65w/dark-waters?at_mid=ZBSEF4bP71&at_campaign=Dark_Waters&at_medium=display_ad&at_campaign_type=owned&at_nation=NET&at_audience_id=SS&at_product=iplayer&at_brand=m001j65w&at_ptr_name=bbc&at_ptr_type=media&at_format=image&at_objective=consumption&at_link_title=Dark_Waters&at_bbc_team=BBC&at_creation=Film,"Sat, 27 Jun 2026 01:49:12 GMT",16,Rob,,
BBC Main,One night in Miami: The Scotsmen of the apocalypse,BBC Scotland's Scott Mullen paints the scene from Miami as Scotland's World Cup hopes fade.,https://www.bbc.co.uk/sport/football/articles/c872lpl4e0do?at_medium=RSS&at_campaign=rss,"Sat, 27 Jun 2026 08:34:12 GMT",26,Scott Mullen,BBC Scotland,"Miami, Scotland"
BBC Main,'I leave nothing' - the end of 'toxic' Bielsa's Uruguay reign,"With Uruguay eliminated from the 2026 World Cup, BBC Sport looks at what has gone wrong for them under colourful coach Marcelo Bielsa.",https://www.bbc.co.uk/sport/football/articles/ce95d89x5meo?at_medium=RSS&at_campaign=rss,"Sat, 27 Jun 2026 04:04:40 GMT",26,"##o Bielsa, Bielsa, Marcel",BBC Sport,Uruguay
BBC Main,George criticises 'unacceptable' Auvaa over nightclub incident,"Jamie George has criticised his Saracens' team-mate Totoa Auvaa's ""unacceptable"" behaviour after the Samoan was involved in a nightclub incident with England cricket captain Ben Stokes and bowler Gus Atkinson.",https://www.bbc.co.uk/sport/rugby-union/articles/crm0dkn2m8no?at_medium=RSS&at_campaign=rss,"Sat, 27 Jun 2026 08:16:02 GMT",2,"##a Auvaa, ##to, Auva, Ben Stokes, George, Gus Atkinson, Jamie George, To",Saracens,England
BBC Main,Scotland's World Cup hopes at 0.07% - these are results they need,"Defeat against Brazil left Scotland in a precarious position, but little has gone their way since either.",https://www.bbc.co.uk/sport/football/articles/cx23rx038w1o?at_medium=RSS&at_campaign=rss,"Sat, 27 Jun 2026 05:38:01 GMT",26,,,"Brazil, Scotland"
BBC Main,VAR rules out late winner to deny Iran guaranteed last-32 spot,"Shoja Khalilzadeh's goal is ruled out by VAR in injury-time denying Iran automatic qualification into the round of 32, meaning they will have to wait on other results to see if they go through as one of the best third-placed sides.",https://www.bbc.co.uk/sport/football/videos/c2lyvj54k7ro?at_medium=RSS&at_campaign=rss,"Sat, 27 Jun 2026 05:45:25 GMT",26,"##ho, ##ja Khalilzadeh, S",VAR,Iran
BBC World,Venezuela earthquakes kill 920 people as international rescue teams arrive,"Hundreds are still feared trapped under the rubble, as families desperate for news.",https://www.bbc.co.uk/news/articles/c39y79g7gzko?at_medium=RSS&at_campaign=rss,"Sat, 27 Jun 2026 08:56:30 GMT",0,,,Venezuela
BBC World,Mother dies saving daughter in Venezuela earthquakes,"Héctor Bello wrote on social media that ""you gave your own life for our daughter"" in the quakes which killed at least 920 people.",https://www.bbc.co.uk/news/articles/c0jydyz8z6jo?at_medium=RSS&at_campaign=rss,"Fri, 26 Jun 2026 18:36:32 GMT",0,"##ctor Bello, ##é, H",,Venezuela
BBC World,Europe's deadly heatwave breaks German record and halts public events,"Germany's highest ever temperature of 41.3C is recorded provisionally in Saarbrücken, over the border from France.",https://www.bbc.co.uk/news/articles/cx2knzzwprgo?at_medium=RSS&at_campaign=rss,"Fri, 26 Jun 2026 18:14:36 GMT",5,,,"Europe, France, Germany, Saarbrücken"
BBC World,Religion row as Texas makes Bible stories required reading in schools,Critics say the new reading requirements infringe on religious freedoms and blur the separation of church and state.,https://www.bbc.co.uk/news/articles/ckg8m2xkg84o?at_medium=RSS&at_campaign=rss,"Sat, 27 Jun 2026 00:31:42 GMT",1,,,Texas
BBC World,DR Congo takes Rwanda to international court over decades of conflict,Kinshasa accuses its neighbour of committing various violations since the 1994 Rwanda genocide.,https://www.bbc.co.uk/news/articles/c8724zn3491o?at_medium=RSS&at_campaign=rss,"Fri, 26 Jun 2026 17:05:22 GMT",4,,,"DR Congo, Kinshasa, Rwanda"
BBC World,Israel and Lebanon sign framework agreement after US-brokered talks,"Hezbollah is not party to Friday's agreement, and previous ceasefires between Israel and Lebanon have still seen near-daily cross-border strikes.",https://www.bbc.co.uk/news/articles/cg5315n1v5go?at_medium=RSS&at_campaign=rss,"Fri, 26 Jun 2026 22:55:28 GMT",21,,Hezbollah,"Israel, Lebanon"
BBC World,Ex-Trump adviser John Bolton pleads guilty to mishandling classified documents,"Bolton faces a prison sentence of up to five years and has agreed to pay $2.25m in fine, prosecutors say.",https://www.bbc.co.uk/news/articles/czxqwg4nrvlo?at_medium=RSS&at_campaign=rss,"Sat, 27 Jun 2026 02:57:20 GMT",15,"Bolton, John Bolton, Trump",,
BBC World,Christmas market attacker jailed for life for murdering six in Germany,A nine-year-old and five women were killed when Taleb Al-Abdulmohsen drove into the market in 2024.,https://www.bbc.co.uk/news/articles/cy06y63y6lno?at_medium=RSS&at_campaign=rss,"Fri, 26 Jun 2026 10:49:11 GMT",2,"##b Al - Abdulmohsen, Tale",,Germany
BBC World,Senior Ukrainian intelligence official jailed for life for spying for Russia,"Col Dmytro Kozyura agreed to share state secrets and systematically disclosed classified information, prosecutors say.",https://www.bbc.co.uk/news/articles/cg4w3wyxzzno?at_medium=RSS&at_campaign=rss,"Fri, 26 Jun 2026 10:38:37 GMT",15,"##my, ##tro Kozyura, D",,Russia
BBC World,Four men held over child marriage in Sierra Leone appear in landmark court case,It relates to a 17-year-old girl - four men including her father and husband face years in jail if convicted.,https://www.bbc.co.uk/news/articles/c9q212y8p21o?at_medium=RSS&at_campaign=rss,"Fri, 26 Jun 2026 15:34:39 GMT",4,,,Sierra Leone
BBC World,Canada eligible to join Eurovision competition,Prime Minister Mark Carney raised the idea of Canada joining the song contest in his 2025 budget.,https://www.bbc.co.uk/news/articles/cy06yzp4r0eo?at_medium=RSS&at_campaign=rss,"Fri, 26 Jun 2026 13:41:36 GMT",7,Mark Carney,,Canada
BBC World,US sanctions Rwanda gold refinery accused of smuggling DR Congo's minerals,The US alleges Gasabo Gold Refinery smuggled at least 60kg of gold in early 2026.,https://www.bbc.co.uk/news/articles/c9d268xy90xo?at_medium=RSS&at_campaign=rss,"Fri, 26 Jun 2026 12:54:18 GMT",4,,"##o Gold Refinery, Gas","##ab, DR Congo, Rwanda, US"
BBC World,"Reflecting Pool liner cut with sharp knife or razor, National Park Service says","Earlier in the week Donald Trump blamed vandals for ""a 300 foot long gash"" in the pool and accused someone of putting fertiliser in the water.",https://www.bbc.co.uk/news/articles/cn8qxz6qypyo?at_medium=RSS&at_campaign=rss,"Fri, 26 Jun 2026 06:16:01 GMT",0,Donald Trump,"##flecting Pool, National Park Service",Re
BBC World,"They quit the West for Russia's traditional values, but it wasn't what they expected",The BBC asks Westerners who moved to Russia if life there lives up to expectations.,https://www.bbc.co.uk/news/articles/cn075j04pnyo?at_medium=RSS&at_campaign=rss,"Fri, 26 Jun 2026 23:02:05 GMT",10,,BBC,"Russia, West"
BBC World,Hit South African show gets the world talking about polygamy and cheating,The Zulu-language series about a man with multiple wives is a worldwide hit.,https://www.bbc.co.uk/news/articles/cx2djde7v2do?at_medium=RSS&at_campaign=rss,"Fri, 26 Jun 2026 23:02:23 GMT",4,,,
BBC World,Why GTA 6 will launch without a disc - and what it means for gamers,Music and films are now largely digital-only - does the lack of a disc for GTA 6 mean gaming is going the same way?,https://www.bbc.co.uk/news/articles/c6210nj8gpro?at_medium=RSS&at_campaign=rss,"Fri, 26 Jun 2026 23:03:04 GMT",12,,,
BBC World,Just how much trouble is Canada's economy in?,Five charts help illustrate the state of Canada's economy - and how it's performing compared to other wealthy nations.,https://www.bbc.co.uk/news/articles/c70y1y909pdo?at_medium=RSS&at_campaign=rss,"Sat, 27 Jun 2026 01:58:40 GMT",7,,,Canada
BBC World,Earthquake is devastating blow to Venezuela at time of uncertainty,The twin quakes come less than six months after Venezuela's then-leader Nicolás Maduro was seized by US forces.,https://www.bbc.co.uk/news/articles/c3vynpw7rk4o?at_medium=RSS&at_campaign=rss,"Fri, 26 Jun 2026 02:12:07 GMT",0,Nicolás Maduro,,Venezuela
BBC World,The abundant but expensive energy source that's under your feet,"Start-ups are taking fresh approaches to geothermal energy, but will the economics work?",https://www.bbc.co.uk/news/articles/cj3gj1n8yz8o?at_medium=RSS&at_campaign=rss,"Fri, 26 Jun 2026 10:12:42 GMT",13,,,
BBC World,"Watch: BBC reports from La Guaira, one of Venezuela's worst-hit areas","Vanessa Silva visited the coastal state, where rescuers are still working to find survivors under the rubble after twin earthquakes rocked the country.",https://www.bbc.co.uk/news/videos/cwy0lw84p3go?at_medium=RSS&at_campaign=rss,"Fri, 26 Jun 2026 21:44:54 GMT",0,Vanessa Silva,BBC,"La Guaira, Venezuela"
BBC World,Debris falls after plane hits Beijing's tallest building,Social media footage showed the moment debris from a small aircraft fell to the ground after a crash into Beijing's tallest skyscraper.,https://www.bbc.co.uk/news/videos/c8j2rjrzjero?at_medium=RSS&at_campaign=rss,"Fri, 26 Jun 2026 18:36:42 GMT",0,,,Beijing
BBC World,Moment woman pulled from rubble alive after Venezuela earthquake,First responders and volunteers pulled a survivor from under the rubble of a collapsed building in La Guaira.,https://www.bbc.co.uk/news/videos/clyxgxr2672o?at_medium=RSS&at_campaign=rss,"Fri, 26 Jun 2026 10:06:11 GMT",0,,,"La Guaira, Venezuela"
BBC World,Aerial footage reveals destruction in coastal Venezuela,Multi-storey buildings have collapsed in La Guaira following two major earthquakes on Wednesday.,https://www.bbc.co.uk/news/videos/c75y1kd16qdo?at_medium=RSS&at_campaign=rss,"Fri, 26 Jun 2026 05:13:22 GMT",0,,,"La Guaira, Venezuela"
BBC Business,Trump threatens 100% tariff on European nations over tech tax,"The US president says ""Numerous European countries"" have been discussing bringing in such a levy.",https://www.bbc.co.uk/news/articles/cn4rd71411ko?at_medium=RSS&at_campaign=rss,"Sat, 27 Jun 2026 01:37:18 GMT",6,Trump,,US
BBC Business,I'm back at home again after uni - here's how I'm making it work,"Rising costs are forcing more young adults to live with their parents, here's how not to come to blows.",https://www.bbc.co.uk/news/articles/cg53q6dl0plo?at_medium=RSS&at_campaign=rss,"Thu, 25 Jun 2026 23:03:48 GMT",24,,,
BBC Business,Power banks and vapes now biggest fire risk on planes,"Lithium battery fires are the number one safety risk to aircraft, yet the number of devices found in hold bags has nearly doubled in a year.",https://www.bbc.co.uk/news/articles/cly716qd146o?at_medium=RSS&at_campaign=rss,"Thu, 25 Jun 2026 23:28:13 GMT",0,,,
BBC Business,Asia stock markets slide as tech shares slump,Trading on South Korea's Kospi index was halted for the third time this week to prevent panic selling.,https://www.bbc.co.uk/news/articles/ce8jz40k00ro?at_medium=RSS&at_campaign=rss,"Fri, 26 Jun 2026 07:33:10 GMT",14,,,"Asia, South Korea"
BBC Business,What's happening to petrol prices now oil is back to pre-Iran war levels?,"When the conflict began on 28 February, fuel costs jumped as the war disrupted the production and transportation of energy across the Middle East.",https://www.bbc.co.uk/news/articles/c20zgjzz0e4o?at_medium=RSS&at_campaign=rss,"Fri, 26 Jun 2026 13:51:15 GMT",21,,,"Iran, Middle East"
BBC Business,Who could be the UK's next chancellor?,The prime minister's resignation has fired the starting gun on the race to be in charge of the UK's finances.,https://www.bbc.co.uk/news/articles/c36yj4pn7jdo?at_medium=RSS&at_campaign=rss,"Fri, 26 Jun 2026 10:37:12 GMT",16,,,UK
BBC Business,Teens who hacked TfL were known to police years before cyber-attack,"Owen Flowers and Thalha Jubair were convicted for their roles in the attack, which led to large costs for Transport for London.",https://www.bbc.co.uk/news/articles/cx2kx8jr244o?at_medium=RSS&at_campaign=rss,"Thu, 25 Jun 2026 23:19:48 GMT",2,"##ha Jubair, ##hal, Owen Flowers, T","TfL, Transport for London",
BBC Business,Apple hikes some prices by nearly 20% while Xbox raises console cost,"Apple said it had ""never seen a component price increase this much, this quickly"".",https://www.bbc.co.uk/news/articles/c3ryj81ywlro?at_medium=RSS&at_campaign=rss,"Thu, 25 Jun 2026 19:41:22 GMT",12,,"Apple, Xbox",
BBC Business,Ryanair says it will reluctantly not charge parents to sit next to children,The airline had typically charged adults a fee of £8 each way to sit with their young children.,https://www.bbc.co.uk/news/articles/cdr4zy4e1n1o?at_medium=RSS&at_campaign=rss,"Thu, 25 Jun 2026 12:08:33 GMT",25,,Ryanair,
BBC Business,How you can save money on your energy bill as debts rise,Experts say support is available as total debt and arrears to suppliers hit a new record.,https://www.bbc.co.uk/news/articles/cwy2e3wx7xwo?at_medium=RSS&at_campaign=rss,"Thu, 25 Jun 2026 11:04:09 GMT",13,,,
BBC Business,IBM hails new 'block of flats' design breakthrough for ultra tiny chips,IBM says it has created the world's first known chip tech below 1 nanometre - but it will be some time before it's ready for production.,https://www.bbc.co.uk/news/articles/cvg7vpyn5pxo?at_medium=RSS&at_campaign=rss,"Thu, 25 Jun 2026 10:04:43 GMT",14,,IBM,
BBC Business,I've spent 30 years in recruitment - this is how to get a job,The recruitment agency boss shares his tips on getting noticed in a tougher jobs market.,https://www.bbc.co.uk/news/articles/c8r2vljglgno?at_medium=RSS&at_campaign=rss,"Thu, 25 Jun 2026 07:24:08 GMT",24,,,
BBC Business,Reeves urges Burnham to 'stick to what I'm doing' on economy,The chancellor throws her support behind the MP for Makerfield despite reports he could demote her if he becomes PM.,https://www.bbc.co.uk/news/articles/cvgm9mj262qo?at_medium=RSS&at_campaign=rss,"Thu, 25 Jun 2026 16:04:42 GMT",16,"##ham, Burn, Reeves",,Makerfield
BBC Business,Price cuts on family summer days out come into force,The government is reducing VAT from 20% to 5% on attractions and kids' meals  as schools begin to break-up.,https://www.bbc.co.uk/news/articles/cwy05rnlpe9o?at_medium=RSS&at_campaign=rss,"Thu, 25 Jun 2026 08:19:54 GMT",13,,,
BBC Business,EasyJet rejects fourth takeover offer,"The airline is questioning the ""deliverability"" of the offer.",https://www.bbc.co.uk/news/articles/c8d2r9przvno?at_medium=RSS&at_campaign=rss,"Thu, 25 Jun 2026 10:27:25 GMT",25,,EasyJet,
BBC Business,Oil price falls back to pre-Iran war levels,Signs that traffic through the key Strait of Hormuz shipping route is gradually resuming has helped to push the oil price down.,https://www.bbc.co.uk/news/articles/c0jy7d7wzv4o?at_medium=RSS&at_campaign=rss,"Thu, 25 Jun 2026 15:32:04 GMT",21,,,"Iran, Strait of Hormuz"
BBC Business,Anthropic accuses Chinese rival Alibaba of illicitly extracting AI capabilities,The firm alleged that Alibaba used fraudulent accounts to access data from its Claude AI model.,https://www.bbc.co.uk/news/articles/cwyklykn5dwo?at_medium=RSS&at_campaign=rss,"Thu, 25 Jun 2026 03:12:17 GMT",14,,Alibaba,
BBC Business,Ferrari marketing boss quits just weeks after EV launch backlash,"The design of the luxury carmaker's first all-electric vehicle, the Luce, was heavily criticised.",https://www.bbc.co.uk/news/articles/cnv9edrjjn4o?at_medium=RSS&at_campaign=rss,"Thu, 25 Jun 2026 11:26:25 GMT",20,,"E, Ferrari",
BBC Business,Find out which university degrees could earn you most across your lifetime,New data suggests which university degrees have the highest and lowest financial returns over a lifetime.,https://www.bbc.co.uk/news/articles/c892dv0qy2jo?at_medium=RSS&at_campaign=rss,"Thu, 25 Jun 2026 08:32:12 GMT",29,,,
BBC Business,Food kit warehouse closure puts 290 jobs at risk,"Food company Gousto says it is closing its warehouse in Spalding, Lincolnshire.",https://www.bbc.co.uk/news/articles/c4gy3lrnyzgo?at_medium=RSS&at_campaign=rss,"Thu, 25 Jun 2026 10:21:08 GMT",20,,Gousto,"Lincolnshire, Spalding"
BBC Business,The heatwave workers 'like cats on a hot tin roof',"Many workers are downing tools early, but there is no legal limit to how hot a workplace can be.",https://www.bbc.co.uk/news/articles/c15ykxp158yo?at_medium=RSS&at_campaign=rss,"Thu, 25 Jun 2026 05:12:23 GMT",5,,,
BBC Business,GTA 6 - all you need to know about Rockstar's blockbuster game,Rockstar's sixth game in the franchise is set to be the biggest game release of the year.,https://www.bbc.co.uk/news/articles/c9q20djz4wno?at_medium=RSS&at_campaign=rss,"Thu, 25 Jun 2026 07:47:54 GMT",12,,Rockstar,
BBC Business,Baroness Mone among individuals sued to recover PPE Medpro millions,The Baroness and her husband Doug Barrowman are among individuals being sued in a bid to recover some of the money owed to the government by the business.,https://www.bbc.co.uk/news/articles/c7vy1y7myn5o?at_medium=RSS&at_campaign=rss,"Wed, 24 Jun 2026 17:32:22 GMT",16,"Doug Barrowman, Mon",PPE Medpro,
BBC Business,The legal fight to get equal pay for Germany's disabled workers,"A test case is seeking the minimum wage for 300,000 disabled people who currently get paid less.",https://www.bbc.co.uk/news/articles/cwy0v1d24elo?at_medium=RSS&at_campaign=rss,"Wed, 24 Jun 2026 23:10:28 GMT",1,,,Germany
BBC Business,Do you know your 'sweat score'? The rise of hydration tech,Hydration tracking gadgets are flooding the market but is it too much information?,https://www.bbc.co.uk/news/articles/c5yz5z72lqgo?at_medium=RSS&at_campaign=rss,"Mon, 22 Jun 2026 23:01:11 GMT",14,,,
BBC Business,Is Germany looking again at coal-powered electricity?,"It had planned to abandon the fuel, but the higher cost of natural gas may make it think again.",https://www.bbc.co.uk/news/articles/cy04ykxrj5eo?at_medium=RSS&at_campaign=rss,"Sun, 21 Jun 2026 23:27:11 GMT",13,,,Germany
BBC Business,The artificial ice pyramids saving India's mountain villages,Himalayan villages are creating artificial glaciers to guarantee water for their crops in the spring.,https://www.bbc.co.uk/news/articles/c072414183go?at_medium=RSS&at_campaign=rss,"Thu, 18 Jun 2026 23:11:07 GMT",17,,,India
BBC Business,'We had to get out of the way': The backlash over delivery robots,"As the delivery vehicles increasing take to US streets, bans and protest groups are springing up.",https://www.bbc.co.uk/news/articles/c0rygp005wjo?at_medium=RSS&at_campaign=rss,"Wed, 17 Jun 2026 23:02:05 GMT",13,,,US
BBC Business,What is Helium-3 and could we get it from the moon?,"Helium-3 is expensive and demand is forecast to soar, so some are planning to mine it on the moon.",https://www.bbc.co.uk/news/articles/ce8jmg2e4kro?at_medium=RSS&at_campaign=rss,"Tue, 16 Jun 2026 00:11:13 GMT",28,,,
BBC Business,Why I sold my business to my staff,As more US company owners reach retirement age many are selling up to their employees.,https://www.bbc.co.uk/news/articles/c0ey87z1ggjo?at_medium=RSS&at_campaign=rss,"Sun, 14 Jun 2026 23:26:01 GMT",24,,,US
BBC Business,India's 'blue gold' starts a new drinks industry,Agave plants grow wild in India and new distillers are using them to create a spirits industry.,https://www.bbc.co.uk/news/articles/cdrpe4vly5mo?at_medium=RSS&at_campaign=rss,"Thu, 11 Jun 2026 23:01:48 GMT",17,,,India
BBC Business,New candy stores are popping up across NYC. Why?,While US consumer confidence is at an historic low the Big Apple's sweet shops are expanding.,https://www.bbc.co.uk/news/articles/c30ylzlygngo?at_medium=RSS&at_campaign=rss,"Wed, 10 Jun 2026 23:01:54 GMT",17,,Big Apple,"NYC, US"
BBC Business,Could humanoid robots be heading for the battlefield?,"Armed forces are experimenting with humanoid robots, but battlefield deployment is some way off.",https://www.bbc.co.uk/news/articles/cedpxwe26l1o?at_medium=RSS&at_campaign=rss,"Mon, 08 Jun 2026 23:06:30 GMT",23,,,
BBC Business,Spain's visitor numbers hit new highs as tourists avoid Middle East,"The European country had 9.1 million international visitors in April, the most ever for that month.",https://www.bbc.co.uk/news/articles/c4gvndd2qelo?at_medium=RSS&at_campaign=rss,"Sun, 07 Jun 2026 23:01:04 GMT",5,,,"Middle East, Spain"
BBC Business,New ISA and Lifetime ISA changes explained,"In this week’s episode, there’s a deep dive into first-time buyer savings, with a special focus on Lifetime ISAs.",https://www.bbc.co.uk/news/videos/cj0ge52n80ro?at_medium=RSS&at_campaign=rss,"Fri, 26 Jun 2026 17:09:53 GMT",29,,"ISA, Lifetime ISA, Lifetime ISAs",
BBC Business,Record temperatures drives up home air conditioning sales,Companies see inquiries surge during heatwaves as UK households look to cool down their homes.,https://www.bbc.co.uk/news/articles/c1wyl2glg93o?at_medium=RSS&at_campaign=rss,"Fri, 26 Jun 2026 11:16:26 GMT",5,,,UK
BBC Business,Charity celebrates 50 years of  'transformative' holidays,Sheffield Family Holiday Fund provide much-needed holidays for families facing adversity.,https://www.bbc.co.uk/news/articles/cy4ejeq40nvo?at_medium=RSS&at_campaign=rss,"Fri, 26 Jun 2026 05:17:15 GMT",10,,Sheffield Family Holiday Fund,
BBC Business,The furious dispute over what caused Air India flight 171 to crash,"The final conclusions of the investigation have yet to be published, although more could become apparent in the coming days.",https://www.bbc.co.uk/news/articles/cwyk9exxp2qo?at_medium=RSS&at_campaign=rss,"Wed, 10 Jun 2026 23:10:11 GMT",0,,Air India,
BBC Business,How the High Street became a window on our political instability,High Streets have declined in recent years. What does this tell us about the UK?,https://www.bbc.co.uk/news/articles/cq5p59286v5o?at_medium=RSS&at_campaign=rss,"Sun, 07 Jun 2026 23:00:04 GMT",10,,,"High Street, High Streets, UK"
BBC Business,The £5 coffee that tells a story of global economic turmoil,"Coffees at some city centre outlets now cost £5. It's a story of tariffs, the climate, Gen Z cultural tastes, and savvy coffee farmers playing the market, writes Faisal Islam",https://www.bbc.co.uk/news/articles/cr5pp1m6z06o?at_medium=RSS&at_campaign=rss,"Thu, 28 May 2026 06:44:47 GMT",10,"##ais, ##al Islam, F",,
BBC Business,The threat to summer holidays looming from jet fuel shortages,What impact might shortages have on our summer holidays - and what could be done about it?,https://www.bbc.co.uk/news/articles/c86d9v28qxxo?at_medium=RSS&at_campaign=rss,"Sun, 03 May 2026 23:03:41 GMT",13,,,
BBC Business,Scammers are becoming ever more sophisticated - this is what the fightback looks like,Scams have exploded over the last few years. Can countries and companies come together to turn the tables on the scammers?,https://www.bbc.co.uk/news/articles/cj60pl5g4z4o?at_medium=RSS&at_campaign=rss,"Sat, 18 Apr 2026 23:02:48 GMT",14,,,
BBC Business,How do you escape an overdraft?,How do you escape an overdraft? Finance expert Ioan Bain explains,https://www.bbc.co.uk/videos/cly8902rzpvo?at_medium=RSS&at_campaign=rss,"Fri, 26 Jun 2026 13:47:04 GMT",16,"##oan Bain, I",,
BBC Business,Rethink,Could the US dollar lose its number one status?,https://www.bbc.co.uk/sounds/play/m002y1ht?at_medium=RSS&at_campaign=rss,"Thu, 25 Jun 2026 15:30:00 GMT",6,,,US
BBC Business,Business Daily,Luis von Ahn co-founded the #1 language app after selling reCAPTCHA to Google,https://www.bbc.co.uk/sounds/play/w3ct98s2?at_medium=RSS&at_campaign=rss,"Tue, 23 Jun 2026 20:30:00 GMT",29,Luis von Ahn,"Business Daily, Google",
BBC Technology,GTA 6 will cost £70 - and physical edition will not contain a disc,Rockstar has said physical copies of the game will contain a code for a digital download for the game.,https://www.bbc.co.uk/news/articles/cjrg52egw1ro?at_medium=RSS&at_campaign=rss,"Wed, 24 Jun 2026 23:20:12 GMT",12,,Rockstar,
BBC Technology,Scientist publishes fresh doubts over Microsoft's quantum claims,The tech giant has consistently stood by its Majorana chip research despite scepticism from some experts in the field.,https://www.bbc.co.uk/news/articles/c05y9pl3ejmo?at_medium=RSS&at_campaign=rss,"Wed, 24 Jun 2026 15:00:34 GMT",14,,"Microsoft, Scientist",
BBC Technology,Google's YouTube settles social media addiction case with teen,The 15-year-old plaintiff's case against three other tech giants begins next month.,https://www.bbc.co.uk/news/articles/cly81g7x73po?at_medium=RSS&at_campaign=rss,"Tue, 23 Jun 2026 23:39:55 GMT",11,,"Google, YouTube",
BBC Technology,Meta halts worker tracking for AI training due to privacy fears,The company had started just two months ago tracking workers’ computer usage for AI training data.,https://www.bbc.co.uk/news/articles/cq615g3z36po?at_medium=RSS&at_campaign=rss,"Tue, 23 Jun 2026 17:51:30 GMT",14,,Meta,
BBC Technology,Millions in UK could claim share of £3bn after Apple case given green light,"Apple rejected the suggestion its practices are anti-competitive, saying many customers rely on third-party alternatives.",https://www.bbc.co.uk/news/articles/c932d1r0p96o?at_medium=RSS&at_campaign=rss,"Tue, 23 Jun 2026 15:01:40 GMT",12,,Apple,UK
BBC Technology,Steam Machine launches with £879 price tag as Valve cites component costs,Valve said the cost of its PC-console hybrid reflects a broader trend of component costs rising over time.,https://www.bbc.co.uk/news/articles/c0kyzk2p255o?at_medium=RSS&at_campaign=rss,"Tue, 23 Jun 2026 11:25:54 GMT",12,,"Steam Machine, Valve",
BBC Technology,How 100 hospitals switched to pen and paper to defeat a national cyber-attack,"For four days, dozens of Romanian hospitals went offline, as cyber-experts sought to defeat the hackers.",https://www.bbc.co.uk/news/articles/c4gyk756mzlo?at_medium=RSS&at_campaign=rss,"Mon, 22 Jun 2026 23:31:21 GMT",2,,,
BBC Technology,Tech Life,We're at one of Europe's biggest tech events.,https://www.bbc.co.uk/sounds/play/w3ct8jy1?at_medium=RSS&at_campaign=rss,"Tue, 23 Jun 2026 20:00:00 GMT",14,,Tech Life,Europe
BBC Technology,Tech Now,Shiona McCallum visits Fifa HQ in Zurich to see new tech being used in the World Cup.,https://www.bbc.co.uk/iplayer/episode/m002xbvq?at_medium=RSS&at_campaign=rss,"Sat, 30 May 2026 01:00:00 GMT",14,Shiona McCallum,Fifa,Zurich
BBC Science,"Future generations being failed if more trees not planted, experts say","Statistics show the number of trees being planted is increasing, but conservationists say it is not meeting targets.",https://www.bbc.co.uk/news/articles/c70yj76n4dko?at_medium=RSS&at_campaign=rss,"Fri, 26 Jun 2026 21:07:57 GMT",13,,,
BBC Science,In pictures: Britain swelters in record-breaking June heat,A rare red weather warning is in place as extreme temperatures continue across much of the UK.,https://www.bbc.co.uk/news/articles/cy5vq3q2g19o?at_medium=RSS&at_campaign=rss,"Thu, 25 Jun 2026 13:48:24 GMT",5,,,"Britain, UK"
BBC Science,Hottest June day on record for the UK as temperature reaches 36C,A rare red warning for extreme heat is in effect as soaring temperatures continue.,https://www.bbc.co.uk/weather/articles/cwy0n6r5zrzo?at_medium=RSS&at_campaign=rss,"Wed, 24 Jun 2026 15:23:41 GMT",5,,,UK
BBC Science,"Heat pump growth stalls as government support cut, warns climate watchdog",The growth in sales has slowed significantly after a critical government grant programme was cut.,https://www.bbc.co.uk/news/articles/cn8k4pek3gzo?at_medium=RSS&at_campaign=rss,"Wed, 24 Jun 2026 14:32:02 GMT",13,,,
BBC Science,Why this heatwave feels worse than the last one,"A combination of factors is making this heatwave more uncomfortable than some we have had in the past, as Simon King explains.",https://www.bbc.co.uk/weather/articles/c3vyzly206no?at_medium=RSS&at_campaign=rss,"Wed, 24 Jun 2026 12:24:39 GMT",5,Simon King,,
BBC Science,"Environmental plan is largely off track, warns watchdog","A report says many of the measures are ""well within the reach"" of government and it was a matter of ""moving away from planning into delivery"".",https://www.bbc.co.uk/news/articles/cqj1e0zqvyxo?at_medium=RSS&at_campaign=rss,"Wed, 24 Jun 2026 05:24:47 GMT",13,,,
BBC Science,Hundreds of schools plan closures ahead of red heat alerts,"The temperature topped 34.6 C in Wisley, England, on Tuesday while Scotland and Northern Ireland saw their hottest days of the year.",https://www.bbc.co.uk/news/articles/cwyl940y94xo?at_medium=RSS&at_campaign=rss,"Wed, 24 Jun 2026 02:26:39 GMT",5,,,"England, Northern Ireland, Scotland, Wisley"
BBC Science,The UK's summers are getting hotter - but how prepared are we?,Based on current trends parts of the UK are set to see 40C summers regularly within a couple of decades.,https://www.bbc.co.uk/news/articles/c9d2xl3555xo?at_medium=RSS&at_campaign=rss,"Tue, 23 Jun 2026 23:46:03 GMT",5,,,UK
BBC Science,Drowning deaths soar in France as Europe buckles in peak of heatwave,"Forty people have drowned in heatwave-related deaths in France since last Thursday, Prime Minister Sébastien Lecornu says.",https://www.bbc.co.uk/news/articles/c79yvw3j114o?at_medium=RSS&at_campaign=rss,"Tue, 23 Jun 2026 16:27:17 GMT",5,"##bas, ##tien Lecornu, ##é, S",,"Europe, France"
BBC Science,From cool-down spots to chalk on windows - how Europe is coping with the heat,People across the continent are taking measures to cope with the searing temperatures gripping Europe.,https://www.bbc.co.uk/news/articles/cz0j87vpz79o?at_medium=RSS&at_campaign=rss,"Tue, 23 Jun 2026 14:19:21 GMT",5,,,Europe
BBC Science,Golden eagle released in conservation project shot with 17 pellets,Gamekeepers in the Lammermuir Hills spotted the bird with damaged wings around the beginning of June.,https://www.bbc.co.uk/news/articles/cm20lg095ylo?at_medium=RSS&at_campaign=rss,"Fri, 26 Jun 2026 12:43:59 GMT",8,,,Lammermuir Hills
BBC Science,Calls for government action on chemical pollution,Cherwell District Council leader urges forever chemical pollution action around former RAF base.,https://www.bbc.co.uk/news/articles/cjegkw20peno?at_medium=RSS&at_campaign=rss,"Thu, 25 Jun 2026 16:52:54 GMT",27,,"Cherwell District Council, RAF",
BBC Science,First red squirrel kits born at sanctuary,Sanctuary staff say the litter will help boost population numbers of an endangered British species.,https://www.bbc.co.uk/news/articles/cly0xg8ezyzo?at_medium=RSS&at_campaign=rss,"Thu, 25 Jun 2026 12:37:05 GMT",8,,Sanctuary,
BBC Science,Survey finds 'significantly more' ancient woodland,A wildlife trust says there are 50% more sites in Hertfordshire than previously recorded.,https://www.bbc.co.uk/news/articles/c7vyn013j79o?at_medium=RSS&at_campaign=rss,"Wed, 24 Jun 2026 05:17:44 GMT",22,,,Hertfordshire
BBC Science,Weekly quiz: Where will Prince George be going to school?,How much attention did you pay to what happened in the world over the past seven days?,https://www.bbc.co.uk/news/articles/c621961qryvo?at_medium=RSS&at_campaign=rss,"Thu, 18 Jun 2026 17:24:31 GMT",10,Prince George,,
BBC Science,Space industry giants visit fabrics factory,Delegates from Nasa and Space X were among those visiting the firm that makes specialist fabrics.,https://www.bbc.co.uk/news/articles/c621xnl1p49o?at_medium=RSS&at_campaign=rss,"Wed, 17 Jun 2026 15:49:48 GMT",14,,"Del, Nasa, Space X",
BBC Science,Elon Musk's stratospheric rise to trillionaire status - in charts,The BBC breaks down how the tech mogul's fortune has grown.,https://www.bbc.co.uk/news/articles/c4gyp523ly8o?at_medium=RSS&at_campaign=rss,"Fri, 12 Jun 2026 23:05:39 GMT",14,,"BBC, Elon Musk",
BBC Science,Elon Musk becomes world's first trillionaire as SpaceX soars in stock market debut,"Musk is now worth $1.11tn according to the Bloomberg rich list, while SpaceX listed on the Nasdaq stock exchange with a value of $2.2tn.",https://www.bbc.co.uk/news/articles/c4gypy3wwl7o?at_medium=RSS&at_campaign=rss,"Fri, 12 Jun 2026 22:00:52 GMT",14,Mu,"##sk, Elon Musk, SpaceX",
BBC Science,Elon Musk gets public trading of SpaceX under way from Texas,"SpaceX founder Elon Musk said he gave the company ""less than a 10% chance of succeeding at all"" when it first started, and it is now going public ""with the largest IPO ever"".",https://www.bbc.co.uk/news/videos/cn0v8vg9d8xo?at_medium=RSS&at_campaign=rss,"Fri, 12 Jun 2026 15:56:12 GMT",14,"##on Musk, El","Elon Musk, SpaceX, Texas SpaceX",
BBC Science,BBC Inside Science,Is it time to start considering solar geoengineering to help us combat extreme heat?,https://www.bbc.co.uk/sounds/play/w3ct977s?at_medium=RSS&at_campaign=rss,"Thu, 25 Jun 2026 20:00:00 GMT",13,,BBC Inside Science,
BBC Science,Fossil identified as first dinosaur ever found in Antarctica,Argentinian geologist Eduardo Olivero became the first scientist to find the remains of a dinosaur in Antarctica in 1986.,https://www.bbc.co.uk/news/videos/c8r2074l0rmo?at_medium=RSS&at_campaign=rss,"Fri, 26 Jun 2026 17:58:10 GMT",9,Eduardo Olivero,,Antarctica
BBC Science,"Simpler, older version of Stonehenge found three miles from famous site","The structure consisted of two posts that lined up with the solstices 5,000 years ago.",https://www.bbc.co.uk/news/articles/clyxw8550y8o?at_medium=RSS&at_campaign=rss,"Wed, 17 Jun 2026 23:11:29 GMT",22,,,
BBC Science,From blast off to splashdown: My days following Nasa's historic mission to the Moon,BBC Science Editor Rebecca Morelle reflects on how it felt to watch history being made.,https://www.bbc.co.uk/news/articles/clyrdkxvmmpo?at_medium=RSS&at_campaign=rss,"Sat, 11 Apr 2026 23:17:07 GMT",3,"##sa, Na, Rebecca Morelle",BBC Science,Moon
BBC Science,The 40 minutes when the Artemis crew loses contact with the Earth,As the astronauts pass behind the Moon they will experience a moment of silence and solitude as communication with the Earth is blocked.,https://www.bbc.co.uk/news/articles/cj0vyzmmy50o?at_medium=RSS&at_campaign=rss,"Sun, 05 Apr 2026 23:02:53 GMT",3,,Artemis,"Earth, Moon"
BBC Science,The Interview,Rebecca Morelle speaks to astronaut Jeremy Hansen ahead of the Artemis II Moon mission.,https://www.bbc.co.uk/sounds/play/w3ct98jx?at_medium=RSS&at_campaign=rss,"Thu, 02 Apr 2026 23:30:00 GMT",3,"Jeremy Hansen, Rebecca Morelle",,
BBC Science,Why cheap power could matter more than clean power in the push for net zero,The question of how important making our electricity clean is to going green is coming under increasing scrutiny,https://www.bbc.co.uk/news/articles/c86ey5n9vx9o?at_medium=RSS&at_campaign=rss,"Wed, 15 Apr 2026 23:20:22 GMT",13,,,
BBC Science,"Higgs boson breakthrough was UK triumph, but British physics faces 'catastrophic' cuts",Britain is preparing to cancel its contribution to one of the Large Hadron Collider's next major upgrades.,https://www.bbc.co.uk/news/articles/czr0zmzzp84o?at_medium=RSS&at_campaign=rss,"Wed, 18 Mar 2026 19:40:16 GMT",3,,Hadron,"Britain, UK"
BBC Science,The science of soulmates: Is there someone out there exactly right for you?,"For many, the idea of soulmates still shapes how love is understood.",https://www.bbc.co.uk/news/articles/crrnyg9e91jo?at_medium=RSS&at_campaign=rss,"Fri, 13 Feb 2026 00:01:47 GMT",9,,,
BBC Science,The debate about whether the NHS should use magic mushrooms to treat depression,Many clinical trials to test the use of psychedelic medicines for conditions such as depression have been underway since 2022 - with surprising results,https://www.bbc.co.uk/news/articles/ckg936l88e7o?at_medium=RSS&at_campaign=rss,"Fri, 02 Jan 2026 15:47:15 GMT",27,,NHS,
BBC Science,"COP30: Trump and many leaders are skipping it, so does the summit still have a point?","The US president is notably absent from these UN climate talks, as are other world leaders, all of which prompts questions about the purpose of COP today.",https://www.bbc.co.uk/news/articles/c205jvyg3wjo?at_medium=RSS&at_campaign=rss,"Mon, 10 Nov 2025 00:09:19 GMT",13,Trump,UN,US
NPR,"There's a beef about beef at the World Cup, as Argentina fans pour into Texas","It's about who produces the best, most succulent steaks, and how to prepare the meat. Argentina and Texas are two of the top cattle-raising areas of the world, where steak is deeply ingrained in diet and culture.",https://www.npr.org/2026/06/27/nx-s1-5873328/beef-about-beef-world-cup,"Sat, 27 Jun 2026 03:03:18 -0400",26,,,"Argentina, Texas"
NPR,U.S. strikes Iran in response to a drone attack on a ship,The U.S. struck Iran on Friday in response to a drone attack a day earlier on a cargo ship in the Strait of Hormuz. It's the most significant test yet to an interim understanding reached a week ago by the two countries.,https://www.npr.org/2026/06/27/nx-s1-5872954/us-strikes-iran,"Sat, 27 Jun 2026 00:12:23 -0400",21,,,"Iran, Strait of Hormuz, U. S."
NPR,"Pete Buttigieg and his kids subject to CPS, police investigation after false report","Buttigieg, a potential 2028 Democratic presidential contender, shared his family's experience when police and Child Protective Services came to his home investigating an anonymous tip that was false.",https://www.npr.org/2026/06/26/nx-s1-5872821/pete-buttigieg-cps-police-swatting,"Fri, 26 Jun 2026 20:26:52 -0400",2,"##g, Butti, Pete Butti",Child Protective Services,
NPR,5 million have dropped ACA insurance after Trump and the GOP let prices skyrocket,The number of people who signed up for a health plan and then didn't pay their premium fell much more sharply than it has in years past. Trump officials blame fraud. Health policy experts blame costs.,https://www.npr.org/2026/06/26/nx-s1-5860746/aca-health-insurance-subsidies-rates-premiums,"Fri, 26 Jun 2026 18:54:23 -0400",6,Trump,"ACA, GOP",
NPR,"A day after Alito's testy response to Sotomayor's dissent, court says it was a 'misunderstanding'","During Supreme Court opinions Thursday, Justice Samuel Alito, who wrote the majority opinion in an asylum case, appeared to rebut Justice Sonia Sotomayor, who wrote the dissent. The move was highly unusual — and on Friday there was a coda.",https://www.npr.org/2026/06/26/nx-s1-5872721/supreme-court-alito-sotomayor,"Fri, 26 Jun 2026 17:18:04 -0400",1,"Alito, Justice Samuel Alito, Justice Sonia Sotomayor, Sotomayo",Supreme Court,
NPR,It's not just Cape Verde: African soccer is having a World Cup moment,"The soccer greats — Brazil, England, Spain — have been giving uneven performances out on the pitch during this World Cup. Meanwhile, teams from Africa have been relentless.",https://www.npr.org/2026/06/26/nx-s1-5867404/2026-world-cup-fifa-africa-cape-verde-senegal-morocco-congo,"Fri, 26 Jun 2026 16:49:57 -0400",26,,,"Africa, Brazil, Cape Verde, England, Spain"
NPR,"She posted about ICE. Five months later, DHS agents told her to take her post down","In January, Paigelynne Gonyea posted about the immigration surge in Minneapolis. This week, she was visited by ICE officials who claimed one of her posts had doxxed a federal agent.",https://www.npr.org/2026/06/26/nx-s1-5871369/new-york-ice-instagram-immigration-dhs-paigelynne-gonyea,"Fri, 26 Jun 2026 16:21:35 -0400",2,Paigelynne Gonyea,"DHS, ICE",Minneapolis
NPR,U.S. pledges generous earthquake relief to Venezuela,"Secretary of State Marco Rubio promised: ""We have a whole-of-government response. It'll be big; it'll be fast; and it'll be effective.""",https://www.npr.org/2026/06/26/nx-s1-5870652/venezuela-earthquake-usaid-u-s-aid,"Fri, 26 Jun 2026 13:42:40 -0400",0,Marco Rubio,,"U. S., Venezuela"
NPR,World Cup fans are missing games after their resale tickets fall through,"The ordeal has left fans forced to either miss out on a once-in-a-lifetime opportunity or scramble to find new tickets, often costing more and for worse seats.",https://www.npr.org/2026/06/26/nx-s1-5871397/world-cup-tickets-stubhub-resale-controversy,"Fri, 26 Jun 2026 12:13:47 -0400",26,,,
NPR,Palestinians grieve for a father-to-be shot by Israeli troops the day his son was born,"Nayef Samaro, 25, was killed in an Israeli military raid on Nablus, in the occupied West Bank, as he prepared to meet his wife at the hospital for the birth of their first child.",https://www.npr.org/2026/06/26/nx-s1-5828767/israel-palestinian-man-killed-west-bank,"Fri, 26 Jun 2026 11:45:25 -0400",0,"##f Samaro, ##ye, Na",,"Nablus, West Bank"
TechCrunch,"Trump Admin releases Anthropic  Mythos to be used by more than 100 US companies, agencies","Over 100 companies and government agencies are reportedly authorized to use Mythos 5, including their non-American employees.",https://techcrunch.com/2026/06/26/trump-admin-releases-anthropic-mythos-to-be-used-by-more-than-100-us-companies-agencies/,"Sat, 27 Jun 2026 01:01:37 +0000",6,,Trump Admin,US
TechCrunch,FTC gives Musk the OK to acquire SpaceX alumni startup Mesh,Mesh came out of stealth in February with a $50 million Series A.,https://techcrunch.com/2026/06/26/ftc-gives-musk-the-ok-to-acquire-spacex-alumni-startup-mesh/,"Sat, 27 Jun 2026 00:38:34 +0000",14,,"FTC, Mesh Mesh, Musk, SpaceX",
TechCrunch,"Corgi, the buzzy Y Combinator-backed insurance tech startup, says it didn’t steal an open source product","Corgi became embroiled in  controversy when Papermark accused it of stealing its software. Corgi says it did not, raising new questions about vibe coding.",https://techcrunch.com/2026/06/26/corgi-the-buzzy-y-combinator-backed-insurance-tech-startup-says-it-didnt-steal-an-open-source-product/,"Fri, 26 Jun 2026 22:00:37 +0000",14,Co,"##rgi, Papermark",
TechCrunch,Novak Djokovic has a new job —  advisor to private equity firm General Atlantic,General Atlantic has tapped tennis legend Novak Djokovic to serve as a global strategic advisor.,https://techcrunch.com/2026/06/26/novak-djokovic-has-a-new-job-advisor-to-private-equity-firm-general-atlantic/,"Fri, 26 Jun 2026 19:13:40 +0000",21,Novak Djokovic,General Atlantic General Atlantic,
TechCrunch,"OpenAI limits GPT-5.6 rollout after government request, says restrictions shouldn’t be the norm","“We don’t believe this kind of government access process should become the long-term default,” says OpenAI. “It keeps the best tools from users, developers, enterprises, cyber defenders, and global partners who need them.”",https://techcrunch.com/2026/06/26/openai-limits-gpt-5-6-rollout-after-government-request-says-restrictions-shouldnt-be-the-norm/,"Fri, 26 Jun 2026 18:32:14 +0000",14,,OpenAI,
TechCrunch,OpenAI poaches Uber India chief to lead its biggest market outside the US,"The hire marks OpenAI's latest push into India, expanding offices, partnerships and hiring.",https://techcrunch.com/2026/06/26/openai-poaches-uber-india-chief-to-lead-its-biggest-market-outside-the-u-s/,"Fri, 26 Jun 2026 18:19:36 +0000",14,,"OpenAI, Uber India","India, US"
TechCrunch,Why everyone from OpenAI to SpaceX is building their own chips (and turning up the heat on Nvidia),"Nvidia has dominated the AI chip market for years, but the era of total dependence might be ending.&#160;&#160; OpenAI just shared its plans to spice things up with&#160;Jalapeño, its custom inference chip built with Broadcom, joining Google, Apple, and SpaceX in a growing list of companies building their way out of single-supplier risk. The goal&#160;is&#160;less&#160;of&#160;a [&#8230;]",https://techcrunch.com/video/why-everyone-from-openai-to-spacex-is-building-their-own-chips-and-turning-up-the-heat-on-nvidia/,"Fri, 26 Jun 2026 17:43:22 +0000",14,,"Apple, Broadcom, Google, Jalapeño, Nvidia, OpenAI, SpaceX",
TechCrunch,Russian hackers were behind $2.5B hack of Jaguar Land Rover: Report,"The hack on car giant Jaguar Land Rover last year was one of the most disrupting, damaging, and costly hacks of the last few years.",https://techcrunch.com/2026/06/26/russian-hackers-were-behind-2-5-billion-hack-of-jaguar-land-rover-report/,"Fri, 26 Jun 2026 17:29:29 +0000",14,,Jaguar Land Rover,
TechCrunch,Tesla settles FSD crash lawsuit as federal investigations continue,The lawsuit was connected to a fatal 2023 crash involving a vehicle using the company's advanced driver assistance system known as Full Self-Driving.,https://techcrunch.com/2026/06/26/tesla-settles-fsd-crash-lawsuit-as-federal-investigations-continue/,"Fri, 26 Jun 2026 16:32:55 +0000",1,,"FSD, Tesla",
TechCrunch,TikTok’s road to becoming a super app,TikTok may be working to become the app that people use for most of their digital activities.,https://techcrunch.com/2026/06/26/tiktoks-road-to-becoming-a-super-app/,"Fri, 26 Jun 2026 16:29:48 +0000",11,,TikTok,
TechCrunch,It’s not about Anthropic vs. OpenAI anymore,AI models have progressed to the point where their capabilities have real political consequences. Dealing with those consequences will require collective action.,https://techcrunch.com/2026/06/26/its-not-about-anthropic-vs-openai-anymore/,"Fri, 26 Jun 2026 16:24:47 +0000",14,,,
TechCrunch,Xprize founder says ‘humans behave better when they’re being watched’,"Peter Diamandis is the latest tech executive to argue that global surveillance will make the world a better place, following Larry Ellison's comments in 2024.",https://techcrunch.com/2026/06/26/xprize-founder-says-humans-behave-better-when-theyre-being-watched/,"Fri, 26 Jun 2026 15:46:05 +0000",14,"Larry Ellison, Peter Diamandis",Xprize,
TechCrunch,Robotaxis drive miles just to get cleaned and charged; this new startup wants to fix that,"Aseon Labs, which came out of Y Combinator's 2026 spring cohort, has raised $10 million from Crane Venture Partners and others.",https://techcrunch.com/2026/06/26/this-silicon-valley-startup-has-raised-10m-to-build-pitstops-to-clean-and-charge-robotaxis/,"Fri, 26 Jun 2026 13:00:00 +0000",14,,"Aseon Labs, Crane Venture Partners, Robot, Y Combinator",
TechCrunch,Early Bird pricing ends tonight for TechCrunch Founder Summit,"Save up to $190 on your pass to TechCrunch Founder Summit 2026. Early Bird pricing ends today, at 11:59 p.m. PT, after which rates increase. Register now.",https://techcrunch.com/2026/06/26/early-bird-pricing-ends-tonight-for-techcrunch-founder-summit/,"Fri, 26 Jun 2026 13:00:00 +0000",14,,"Founder, TechC, TechCrunch Founder Summit",
TechCrunch,The White House is asking OpenAI to slow roll the release of its new model over safety concerns,"OpenAI reportedly plans to share its newest model, GPT 5.6, with a select group of partners instead of with the broader public. The reason: the Trump administration told it to.",https://techcrunch.com/2026/06/25/the-white-house-is-asking-openai-to-slow-roll-the-release-of-its-new-model-over-safety-concerns/,"Thu, 25 Jun 2026 23:34:39 +0000",14,Trump,OpenAI,White House
TechCrunch,YouTube Shorts are getting even shorter with an update that lets you double the playback speed,YouTube Shorts is getting a makeover.,https://techcrunch.com/2026/06/25/youtube-shorts-are-getting-even-shorter-with-an-update-that-lets-you-double-the-playback-speed/,"Thu, 25 Jun 2026 22:02:12 +0000",11,,"##s, YouTube",
TechCrunch,Patronus AI lands $50M to build ‘digital worlds’ that stress-test AI agents,"Agent-testing startup Patronus AI, founded by former Meta AI researchers, is experiencing nearly insatiable demand, its investor says.",https://techcrunch.com/2026/06/25/patronus-ai-lands-50m-to-build-digital-worlds-that-stress-test-ai-agents/,"Thu, 25 Jun 2026 20:19:25 +0000",14,,"Meta AI, Patronus AI",
TechCrunch,Polymarket says hackers stole users’ funds,The prediction market giant Polymarket said it's refunding users who had funds stolen due to a third-party breach.,https://techcrunch.com/2026/06/25/polymarket-says-hackers-stole-users-funds/,"Thu, 25 Jun 2026 19:58:46 +0000",14,,Polymarket,
TechCrunch,Xbox follows Apple with price increases,"The company says the increases are being driven by rising memory and console storage prices, with costs more than 2.5x higher than previous levels.",https://techcrunch.com/2026/06/25/xbox-follows-apple-with-price-increases/,"Thu, 25 Jun 2026 19:39:55 +0000",12,,"Apple, Xbox",
TechCrunch,Notion Mail shuts down amid agent takeover,The company said it is discontinuing its email inbox in favor of its AI agent offering as users are increasingly handing over the reins of their email to the agents.,https://techcrunch.com/2026/06/25/notion-mail-shuts-down-amid-agent-takeover/,"Thu, 25 Jun 2026 19:14:46 +0000",20,,Notion Mail,
CNBC,"Global tech sell-off deepens as South Korea's Kospi sinks 8%, S&P 500 futures fall: Live updates - CNBC",The technology-dominant Nasdaq Composite and broad S&P 500 index are both on pace to end the trading week in the red.,https://www.cnbc.com/2026/06/25/stock-market-today-live-updates.html,2026-06-26T07:04:00Z,14,,"&, CNBC","Kospi, South Korea"
DW (English),"King Charles won't live in Buckingham Palace, reveals taxes - dw.com",Buckingham Palace has been the British monarch's official residence in London for nearly two centuries. But royal officials say King Charles and Queen Camilla won't reside there.,https://www.dw.com/en/king-charles-wont-live-in-buckingham-palace-reveals-taxes/a-77715823,2026-06-26T06:06:28Z,10,"##illa, Cam, Charles",,"Buckingham Palace, London"
CBS News,"Iran-U.S. Updates: Iran strikes vessel in Strait of Hormuz amid debate over ""transit fees"" - CBS News","The Islamic Revolutionary Guard Corps struck a cargo ship near Oman on Thursday, further complicating the Iran-U.S. negotiations.",https://www.cbsnews.com/live-updates/us-iran-war-trump-strait-of-hormuz-oil-prices/,2026-06-26T05:58:00Z,21,,"CBS News, Islamic Revolutionary Guard Corps","Iran, Oman, Strait of Hormuz, U. S."
The Washington Post,Supreme Court hands Trump major victories on his immigration agenda - The Washington Post,"In two ideologically split rulings that could affect millions, justices say the administration can deport some migrants and turn others away at the border.",https://www.washingtonpost.com/politics/2026/06/25/supreme-court-hands-trump-major-victories-his-immigration-agenda/,2026-06-26T04:28:15Z,1,Trump,"Supreme Court, The Washington Post",
Daily Beast,Trump’s Tacky State Fair Suffers Literal Meltdown - The Daily Beast,The president’s celebration of America experienced some technical difficulties.,https://www.thedailybeast.com/trumps-tacky-great-american-state-fair-suffers-literal-meltdown/,2026-06-26T04:21:00Z,6,Trump,The Daily Beast,America
NBC News,We Found 359+ Best Amazon Prime Day Deals After Shifting Through Thousands of Sales - NBC News,"We’re tracking Amazon Prime Day deals live on day 3 and updating our list with editor-approved discounts. Shop tech, beauty, kitchen and more before sales end.",https://www.nbcnews.com/select/shopping/best-prime-day-deals-2026-rcna351711,2026-06-26T04:00:00Z,29,,NBC News,
Deadline,"‘The Bear’ Is Over: Here’s What Happens To Carmy, Sydney, Richie & More In Series Finale - Deadline","The Bear concluded its fifth and final season Thursday. Here's how things turned out for the main characters, including Carmy, Sydney and more.",https://deadline.com/gallery/the-bear-series-finale-recap-ending-explained/,2026-06-26T02:24:00Z,7,"##my, Car, Richie, Sydney",,
WABC-TV,"Final Rent Guidelines Board vote approves 2-year freeze, fulfilling Mayor Mamdani's campaign pledge - ABC7 New York",The decision fulfills a campaign pledge by Mamdani to freeze rent for New Yorkers,https://abc7ny.com/post/final-rent-guidelines-board-vote-thursday-east-harlem-increase-freeze-hanging-balance/19378211/,2026-06-26T02:07:18Z,13,Mamdan,"ABC7 New York, Rent Guidelines Board",
KABC-TV,Jonathan Rinderknecht: Jurors deadlocked in arson trial of Palisades Fire suspect - ABC7 Los Angeles,"After previously stating they had reached a verdict, a jury is now deadlocked in the arson trial of Jonathan Rinderknecht.",https://abc7.com/post/jonathan-rinderknecht-jurors-deadlocked-in-arson-trial-of-palisades-fire-suspect/19382333/,2026-06-26T01:52:30Z,15,"Jonathan Rinderk, Jonathan Rinderkne","ABC7 Los Angeles, Palisades Fire",
The Washington Post,Rubio’s new job? Selling Trump’s Iran deal to a worried Gulf. - The Washington Post,Secretary of State Marco Rubio met with Arab Gulf leaders to reassure them that U.S. isn’t cutting them out of negotiations with Tehran.,https://www.washingtonpost.com/national-security/2026/06/25/rubios-new-job-selling-trumps-iran-deal-worried-gulf/,2026-06-26T01:17:35Z,21,"##o, ##ubi, Marco Rubio, R, Trump",Washington Post,"Arab Gulf, Gulf, Iran, Tehran, U. S."
Financial Times,Jamie Dimon upends succession race at JPMorgan again - Financial Times,Longtime lieutenant Marianne Lake recently informed she was no longer a CEO contender as new top deputies are named,https://www.ft.com/content/d289abbc-c6fd-431b-9c97-85ffa88853f6?syn-25a6b1a6\\u003d1,2026-06-25T23:46:36Z,16,"Jamie Dimon, Marianne Lake","Financial Times, JPMorgan",
CNN,A Taylor Swift wedding at Madison Square Garden? New York remains in disbelief - CNN,"A Taylor Swift wedding at Madison Square Garden? We asked everyone, and everyone’s finding it hard to believe.",https://www.cnn.com/2026/06/25/entertainment/taylor-swift-msg-travis-kelce-wedding,2026-06-25T23:11:34Z,19,"Swift, Taylor Swift",CNN,"Madison Square Garden, New York"
The Verge,Android 17’s new foldable gaming mode could make flippy phones more fun - The Verge,Android 17 is getting a dedicated gaming mode for foldables that will put a virtual gamepad with touch controls on half of your screen to make it easier to play games.,https://www.theverge.com/tech/957450/android-17-foldable-gaming-mode-virtual-controller,2026-06-25T22:33:54Z,11,,,
Hollywood Reporter,‘Grand Theft Auto VI’ Going Digital-Only Is a Car Crash for Physical Media - The Hollywood Reporter,Not all progress is progress.,http://www.hollywoodreporter.com/business/business-news/grand-theft-auto-vi-digital-only-no-disc-rip-physical-media-1236629695/,2026-06-25T22:29:36Z,12,,The Hollywood Reporter,
Associated Press,"Reflecting Pool liner was cut with a sharp knife or razor, National Park Service says - AP News","A top official at the National Park Service says a liner along the bottom of the Lincoln Memorial Reflecting Pool was cut with a sharp knife or razor this month, causing damage to the foam sealant installed as part of a $16 million rehabilitation project. The…",https://apnews.com/article/reflecting-pool-liner-cut-national-park-service-trump-98e11bfcb5899753c79bf55698dc958f,2026-06-25T21:07:00Z,0,,"AP News, National Park Service","Lincoln Memorial Reflecting Pool, Reflecting Pool"
Just Jared,Tom Sandoval’s Girlfriend Victoria Lee Robinson Arrested After She Allegedly Attacked Him - Just Jared,"Tom Sandoval's girlfriend Victoria Lee Robinson has been arrested. On Thursday (June 25), TMZ reported that the 42-year-old former Vanderpump Rules star",https://www.justjared.com/2026/06/25/tom-sandovals-girlfriend-victoria-lee-robinson-arrested-after-she-allegedly-attacked-him/,2026-06-25T20:41:35Z,2,"Jared Tom Sandoval, Tom Sandoval, Victoria Lee Robinson",TMZ,
Ars Technica,Microsoft adds another year to Windows 10 extended update program - Ars Technica,About a quarter of PCs are still running Microsoft's previous operating system.,https://arstechnica.com/gadgets/2026/06/microsoft-adds-another-year-to-windows-10-extended-update-program/,2026-06-25T20:24:09Z,12,,"##rs Technica, A, Microsoft",
CBS News,WNBA suspends Alyssa Thomas for hitting Caitlin Clark in the throat - CBS News,No foul was initially called after Alyssa Thomas' fist made contact with Caitlin Clark's throat during a game between the Phoenix Mercury and Indiana Fever on Wednesday.,https://www.cbsnews.com/news/wnba-flagrant-foul-caitlin-clark-alyssa-thomas-hit/,2026-06-25T19:48:00Z,2,"##ait, ##lin Clark, ##yssa Thomas, Al, C","CBS News No, Indiana Fever, Phoenix Mercury, WNBA",
Rediff.com,Bangladesh turns to China on Teesta: Should India be concerned? - Rediff,Dhaka and Beijing on Thursday agreed to strengthen cooperation on the management of the Teesta and other rivers and signed 13 agreements to bolster bilateral ties following talks between Bangladeshi Prime Minister Tarique Rahman and Chinese Premier Li Qiang.,https://www.rediff.com/news/report/bangladesh-turns-to-china-on-teesta-should-india-be-concerned/20260626.htm,2026-06-25T19:36:13Z,14,"##rique Rahman, Li Qiang, Ta",Rediff Dhaka,"Bangladesh, Beijing, China, India, Teesta"
Boston.com,NBA Insider on Jaylen Brown: ‘He’s going to get traded’ - Boston.com,The Celtics missed out on Giannis Antetokounmpo. One NBA insider is convinced Boston will trade Jaylen Brown anyway.,https://www.boston.com/sports/boston-celtics/2026/06/25/celtics-jaylen-brown-trade-rumors-espn-comments/,2026-06-25T19:07:00Z,18,"##ian, ##len Brown, ##nis Antetokou, G, Jay","Boston, Celtics, NBA, com",
Theregister.com,Perseverance rover finds even more signs of extinct life on Mars - The Register,"Scientists remain skeptical, plead for someone to bring the rocks home",https://www.theregister.com/offbeat/2026/06/25/perseverance-rover-finds-even-more-signs-of-extinct-life-on-mars/5262477,2026-06-25T18:38:12Z,3,,Register,Mars
The Verge,You won’t have long to get these iPad deals before Apple’s price hike - The Verge,"Apple raised iPad prices by up to $300, but retailers are still offering select models at their old prices or less. Here are the best iPad deals available.",https://www.theverge.com/gadgets/957106/prime-day-ipad-deals-apple-price-hikes,2026-06-25T18:04:13Z,12,,Apple,
SB Nation,NBA Draft grades for all 30 teams’ full 2026 class - SB Nation,Let’s grade every team’s full 2026 NBA draft class.,https://www.sbnation.com/nba/1120088/nba-draft-grades-full-class-every-team-warriors-bulls-lakers,2026-06-25T17:26:02Z,18,,"NBA, SB Nation",
Fox News,"12-year-old boy rushed to hospital after shark attacks him in Bahamas, police say - Fox News","A 12-year-old American boy is in stable condition after a shark attack while swimming off Staniel Cay in the Bahamas Exuma Cays, police reportedly said.",https://www.foxnews.com/us/12-year-old-boy-rushed-hospital-shark-attacks-bahamas-police-say,2026-06-25T16:44:51Z,0,,Fox News,"##uma Cays, Bahamas, Staniel Cay"
Nature.com,Rhythm and timing in laughter reveal that human vocal plasticity falls on a hominid continuum | Communications Biology - Nature,"Comparative analysis of laughter rhythm across all extant great apes reveals that isochrony is ancestral to hominids, with tempo, variability, and context-sensitivity increasing progressively toward humans, tracing a continuum of vocal plasticity.",https://www.nature.com/articles/s42003-026-10499-z,2026-06-25T16:24:50Z,9,,"Communications, Nature",
TechCrunch,Google Finance gets a dedicated app for Android - TechCrunch,"Users will be able to access their watchlists, real-time market data, live financial news, and Google's AI-powered ""Key Moments"" feature, which explains why stocks moved.",https://techcrunch.com/2026/06/25/google-finance-gets-a-dedicated-app-for-android/,2026-06-25T16:00:00Z,29,,"Google, Google Finance, TechCrunch",
NBC News,Temperature records smashed as extreme heat wave grips Europe - NBC News,"Paris, along with much of the rest of Europe, is scorching as a heat wave grips the continent breaking records in the U.K., France and Spain.",https://www.nbcnews.com/world/europe/europe-heatwave-france-spain-uk-record-temperatures-eiffel-tower-rcna351710,2026-06-25T14:03:19Z,5,,NBC News Paris,"Europe, France, Spain, U. K."
CBS News,"Astronomers find 2 gigantic planets lighter than cotton candy: ""Comparable to a nice blob of shaving foam"" - CBS News","The featherweight pair — orbiting a star 1,110 light-years away — are the biggest exoplanets found to have less density than cotton candy.",https://www.cbsnews.com/news/super-puff-planets-lighter-than-cotton-candy-found/,2026-06-25T13:45:07Z,28,,CBS News,
PennLive,"Measles cases surge in the state, with central Pa. counties leading the way - PennLive.com",,https://www.pennlive.com/health/2026/06/measles-cases-surge-in-the-state-with-central-pa-counties-leading-the-way.html,2026-06-25T09:04:00Z,6,,"PennLive, com",Pa
Abcnews.com,"What to know about COVID-19 study that was finally published after being blocked by CDC - ABC News - Breaking News, Latest News and Videos",,https://abcnews.com/Health/covid-19-study-finally-published-after-blocked-cdc/story?id\\u003d134180233,2026-06-24T21:48:45Z,2,,"##st News and Videos, ABC News, Breaking News, CDC, Late",
Ars Technica,US ends hantavirus outbreak response with no answers on draconian quarantines - Ars Technica,We still don't know why RFK Jr. overruled CDC expert to order strict quarantines.,https://arstechnica.com/health/2026/06/us-ends-hantavirus-outbreak-response-with-no-answers-on-draconian-quarantines/,2026-06-24T21:28:39Z,2,,"Ars Technica, CDC, RFK Jr",US
